id,name_x,album,artist,duration_ms_x,popularity,time_range,genres,danceability,energy,key,loudness,mode,speechiness,acousticness,instrumentalness,liveness,valence,tempo,type,uri,track_href,analysis_url,duration_ms_y,time_signature
1HkOPLwAJH3kE8UnqgxF4s,Skinny Love,"For Emma, Forever Ago",Bon Iver,238532,69,short_term,"['chamber pop', 'eau claire indie', 'indie folk', 'melancholia', 'modern rock']",0.592,0.256,4,-14.031,0,0.0449,0.842,2.38e-06,0.088,0.103,76.358,audio_features,spotify:track:1HkOPLwAJH3kE8UnqgxF4s,https://api.spotify.com/v1/tracks/1HkOPLwAJH3kE8UnqgxF4s,https://api.spotify.com/v1/audio-analysis/1HkOPLwAJH3kE8UnqgxF4s,238533,4
5DBmXF7QO43Cuy9yqva116,Family Business,The College Dropout,Kanye West,278893,67,short_term,"['chicago rap', 'hip hop', 'rap']",0.744,0.524,1,-7.452,1,0.21,0.139,0.0,0.392,0.606,93.691,audio_features,spotify:track:5DBmXF7QO43Cuy9yqva116,https://api.spotify.com/v1/tracks/5DBmXF7QO43Cuy9yqva116,https://api.spotify.com/v1/audio-analysis/5DBmXF7QO43Cuy9yqva116,278893,4
4vHNeBWDQpVCmGbaccrRzi,Goodie Bag,Goodie Bag,Still Woozy,146390,78,short_term,"['bedroom pop', 'oakland indie', 'pov: indie']",0.739,0.522,7,-12.304,0,0.151,0.821,0.00124,0.233,0.619,138.263,audio_features,spotify:track:4vHNeBWDQpVCmGbaccrRzi,https://api.spotify.com/v1/tracks/4vHNeBWDQpVCmGbaccrRzi,https://api.spotify.com/v1/audio-analysis/4vHNeBWDQpVCmGbaccrRzi,146390,4
694vvR5o19xHPhhJ5QdLN7,NO HALO,GINGER,BROCKHAMPTON,259746,59,short_term,"['boy band', 'rap']",0.643,0.573,4,-7.034,1,0.0709,0.41,0.00017,0.0695,0.47,165.192,audio_features,spotify:track:694vvR5o19xHPhhJ5QdLN7,https://api.spotify.com/v1/tracks/694vvR5o19xHPhhJ5QdLN7,https://api.spotify.com/v1/audio-analysis/694vvR5o19xHPhhJ5QdLN7,259747,4
093CMFUwvPyFIsjBsVfBPO,El Hob El Kebir,El Hob El Kebir,Ragheb Alama,315640,50,short_term,"['classic arab pop', 'lebanese pop']",0.621,0.965,7,-3.887,0,0.0431,0.00248,0.000169,0.119,0.809,144.971,audio_features,spotify:track:093CMFUwvPyFIsjBsVfBPO,https://api.spotify.com/v1/tracks/093CMFUwvPyFIsjBsVfBPO,https://api.spotify.com/v1/audio-analysis/093CMFUwvPyFIsjBsVfBPO,315640,4
4vju55Ag7apDL2CfotuE7Q,Sunny,Sunny,Bobby Hebb,165066,71,short_term,['northern soul'],0.714,0.338,4,-10.994,0,0.0456,0.93,0.00644,0.389,0.667,128.385,audio_features,spotify:track:4vju55Ag7apDL2CfotuE7Q,https://api.spotify.com/v1/tracks/4vju55Ag7apDL2CfotuE7Q,https://api.spotify.com/v1/audio-analysis/4vju55Ag7apDL2CfotuE7Q,165067,4
1T8BJvWzqm59RIuwQaTob8,Aghla El Habayeb,Yama Alo,Nawal Al Zoghbi,280673,44,short_term,"['arab pop', 'dabke', 'lebanese pop']",0.612,0.736,7,-8.63,0,0.0696,0.402,0.000575,0.268,0.688,167.972,audio_features,spotify:track:1T8BJvWzqm59RIuwQaTob8,https://api.spotify.com/v1/tracks/1T8BJvWzqm59RIuwQaTob8,https://api.spotify.com/v1/audio-analysis/1T8BJvWzqm59RIuwQaTob8,280674,4
2OG1u9eX4Zjsi7fGQB9T8t,اخدني معك,حبك علمني,فضل شاكر,313939,46,short_term,[],0.607,0.623,4,-8.804,0,0.0463,0.224,0.000156,0.0482,0.28,88.093,audio_features,spotify:track:2OG1u9eX4Zjsi7fGQB9T8t,https://api.spotify.com/v1/tracks/2OG1u9eX4Zjsi7fGQB9T8t,https://api.spotify.com/v1/audio-analysis/2OG1u9eX4Zjsi7fGQB9T8t,313940,4
2UOopL3Y405ruJyMzJcdWD,Khserna Baad,Khserna Baad,Maya Diab,187561,44,short_term,"['arab pop', 'lebanese pop']",0.689,0.605,7,-7.917,0,0.0776,0.127,0.0,0.0827,0.146,87.017,audio_features,spotify:track:2UOopL3Y405ruJyMzJcdWD,https://api.spotify.com/v1/tracks/2UOopL3Y405ruJyMzJcdWD,https://api.spotify.com/v1/audio-analysis/2UOopL3Y405ruJyMzJcdWD,187562,4
2nZKHO69mzHL9GtNWzAKpy,Habibi Wayno,Habibi Wayno,Ziad Bourji,286149,42,short_term,"['arab pop', 'lebanese pop']",0.635,0.889,10,-5.512,1,0.0859,0.205,4.11e-06,0.0437,0.682,96.946,audio_features,spotify:track:2nZKHO69mzHL9GtNWzAKpy,https://api.spotify.com/v1/tracks/2nZKHO69mzHL9GtNWzAKpy,https://api.spotify.com/v1/audio-analysis/2nZKHO69mzHL9GtNWzAKpy,286150,4
432hUIl3ISDeytYW5XBQ5h,Wolves,The Life Of Pablo,Kanye West,301586,70,short_term,"['chicago rap', 'hip hop', 'rap']",0.395,0.392,1,-8.034,1,0.0925,0.219,0.00173,0.134,0.103,155.856,audio_features,spotify:track:432hUIl3ISDeytYW5XBQ5h,https://api.spotify.com/v1/tracks/432hUIl3ISDeytYW5XBQ5h,https://api.spotify.com/v1/audio-analysis/432hUIl3ISDeytYW5XBQ5h,301587,4
1Cm3f5zjPhCrR0VqodoJhK,Btwhasheni,Btwhasheni,Fadel Chaker,231197,51,short_term,"['arab pop', 'lebanese pop']",0.572,0.687,8,-9.249,1,0.0397,0.399,0.0242,0.142,0.914,175.993,audio_features,spotify:track:1Cm3f5zjPhCrR0VqodoJhK,https://api.spotify.com/v1/tracks/1Cm3f5zjPhCrR0VqodoJhK,https://api.spotify.com/v1/audio-analysis/1Cm3f5zjPhCrR0VqodoJhK,231198,4
1D39ZETXfcAFYaGruPHEzB,re:stacks,"For Emma, Forever Ago",Bon Iver,401426,60,short_term,"['chamber pop', 'eau claire indie', 'indie folk', 'melancholia', 'modern rock']",0.682,0.0827,2,-22.895,1,0.0413,0.979,0.384,0.125,0.299,125.091,audio_features,spotify:track:1D39ZETXfcAFYaGruPHEzB,https://api.spotify.com/v1/tracks/1D39ZETXfcAFYaGruPHEzB,https://api.spotify.com/v1/audio-analysis/1D39ZETXfcAFYaGruPHEzB,401426,4
0iy46FJvaikKFCModFq6ge,Wein Baddak Trouh,Wein Baddak Trouh,Ziad Bourji,336000,27,short_term,"['arab pop', 'lebanese pop']",0.308,0.332,2,-9.983,1,0.0311,0.729,1.75e-06,0.12,0.193,139.347,audio_features,spotify:track:0iy46FJvaikKFCModFq6ge,https://api.spotify.com/v1/tracks/0iy46FJvaikKFCModFq6ge,https://api.spotify.com/v1/audio-analysis/0iy46FJvaikKFCModFq6ge,336000,4
4xohXjFct5ORuaZv6dCaXZ,Aoul Ansak,Hodoudy El Sama,Carole Samaha,216346,53,short_term,"['arab pop', 'lebanese pop']",0.722,0.645,8,-8.351,1,0.0342,0.735,4.72e-05,0.227,0.694,151.989,audio_features,spotify:track:4xohXjFct5ORuaZv6dCaXZ,https://api.spotify.com/v1/tracks/4xohXjFct5ORuaZv6dCaXZ,https://api.spotify.com/v1/audio-analysis/4xohXjFct5ORuaZv6dCaXZ,216346,4
5EoYc5wvRYOtkudLfrjsL1,Bring It On Home to Me,The Best of Sam Cooke,Sam Cooke,164252,67,short_term,"['classic soul', 'soul', 'vocal jazz']",0.487,0.532,0,-7.496,1,0.0322,0.631,0.0,0.184,0.609,70.838,audio_features,spotify:track:5EoYc5wvRYOtkudLfrjsL1,https://api.spotify.com/v1/tracks/5EoYc5wvRYOtkudLfrjsL1,https://api.spotify.com/v1/audio-analysis/5EoYc5wvRYOtkudLfrjsL1,164252,4
1pfjYmRDZtkza7Z1nAkb32,Keda Bardou - Acoustic Version,Keda Bardou (Acoustic Version),Maya Diab,163631,35,short_term,"['arab pop', 'lebanese pop']",0.777,0.423,7,-7.153,1,0.0304,0.558,0.0,0.14,0.622,92.957,audio_features,spotify:track:1pfjYmRDZtkza7Z1nAkb32,https://api.spotify.com/v1/tracks/1pfjYmRDZtkza7Z1nAkb32,https://api.spotify.com/v1/audio-analysis/1pfjYmRDZtkza7Z1nAkb32,163631,4
2G0GextMwZJLkNxcSZ7ZJ3,(What A) Wonderful World - Mono,The Wonderful World Of Sam Cooke,Sam Cooke,128786,74,short_term,"['classic soul', 'soul', 'vocal jazz']",0.686,0.672,11,-5.523,1,0.0323,0.7,0.0,0.135,0.857,128.55,audio_features,spotify:track:2G0GextMwZJLkNxcSZ7ZJ3,https://api.spotify.com/v1/tracks/2G0GextMwZJLkNxcSZ7ZJ3,https://api.spotify.com/v1/audio-analysis/2G0GextMwZJLkNxcSZ7ZJ3,128787,4
0nJW01T7XtvILxQgC5J7Wh,When I Was Your Man,Unorthodox Jukebox,Bruno Mars,213826,89,short_term,"['dance pop', 'pop']",0.612,0.28,0,-8.648,1,0.0434,0.932,0.0,0.088,0.387,72.795,audio_features,spotify:track:0nJW01T7XtvILxQgC5J7Wh,https://api.spotify.com/v1/tracks/0nJW01T7XtvILxQgC5J7Wh,https://api.spotify.com/v1/audio-analysis/0nJW01T7XtvILxQgC5J7Wh,213827,4
3sg5wboOGpcM4OdlRra6yf,Betrouh,Ya Ayech Bi Oyouni,Yara,269184,37,short_term,"['arab pop', 'lebanese pop']",0.323,0.373,1,-8.717,1,0.0359,0.816,0.0,0.107,0.415,79.962,audio_features,spotify:track:3sg5wboOGpcM4OdlRra6yf,https://api.spotify.com/v1/tracks/3sg5wboOGpcM4OdlRra6yf,https://api.spotify.com/v1/audio-analysis/3sg5wboOGpcM4OdlRra6yf,269185,4
54PiwwEBUU3HANCnSFgDLM,La Ouyounik El Helwin,La Ouyounik El Helwin,Ziad Bourji,222358,40,short_term,"['arab pop', 'lebanese pop']",0.737,0.597,9,-6.634,0,0.108,0.197,1.55e-05,0.36,0.652,170.0,audio_features,spotify:track:54PiwwEBUU3HANCnSFgDLM,https://api.spotify.com/v1/tracks/54PiwwEBUU3HANCnSFgDLM,https://api.spotify.com/v1/audio-analysis/54PiwwEBUU3HANCnSFgDLM,222358,4
54tWxaUKlbBLBvsahz2r13,A'ed Aala Albak,A'ed Aala Albak,Ziad Bourji,248676,32,short_term,"['arab pop', 'lebanese pop']",0.752,0.718,9,-8.138,0,0.0888,0.188,2.13e-05,0.0819,0.854,102.018,audio_features,spotify:track:54tWxaUKlbBLBvsahz2r13,https://api.spotify.com/v1/tracks/54tWxaUKlbBLBvsahz2r13,https://api.spotify.com/v1/audio-analysis/54tWxaUKlbBLBvsahz2r13,248676,4
4jXl6VtkFFKIt3ycUQc5LT,Circles,Circles,Mac Miller,170360,71,short_term,"['hip hop', 'pittsburgh rap', 'pop rap', 'rap']",0.61,0.0316,9,-15.186,1,0.0486,0.896,0.00461,0.108,0.37,151.964,audio_features,spotify:track:4jXl6VtkFFKIt3ycUQc5LT,https://api.spotify.com/v1/tracks/4jXl6VtkFFKIt3ycUQc5LT,https://api.spotify.com/v1/audio-analysis/4jXl6VtkFFKIt3ycUQc5LT,170360,4
67sFOE0IZ1UlbbVvFjU112,Mshit Khalas,Mshit Khalas,Wael Jassar,278778,47,short_term,"['arab pop', 'lebanese pop']",0.7,0.901,4,-7.742,1,0.0791,0.151,0.00113,0.0626,0.805,134.906,audio_features,spotify:track:67sFOE0IZ1UlbbVvFjU112,https://api.spotify.com/v1/tracks/67sFOE0IZ1UlbbVvFjU112,https://api.spotify.com/v1/audio-analysis/67sFOE0IZ1UlbbVvFjU112,278779,4
18tAYC07cz4rqKBDJLC7Hp,Baadou,Baadou,Maya Diab,183621,43,short_term,"['arab pop', 'lebanese pop']",0.679,0.806,6,-4.254,0,0.0399,0.231,0.0,0.133,0.841,141.976,audio_features,spotify:track:18tAYC07cz4rqKBDJLC7Hp,https://api.spotify.com/v1/tracks/18tAYC07cz4rqKBDJLC7Hp,https://api.spotify.com/v1/audio-analysis/18tAYC07cz4rqKBDJLC7Hp,183622,4
1l3S4j9ksQMh2tKIta1bfw,El Bint El Awiye,El Bint El Awiye,Wael Kfoury,214327,60,short_term,"['arab pop', 'belly dance', 'lebanese pop']",0.668,0.609,5,-8.729,1,0.101,0.431,0.0,0.139,0.765,92.0,audio_features,spotify:track:1l3S4j9ksQMh2tKIta1bfw,https://api.spotify.com/v1/tracks/1l3S4j9ksQMh2tKIta1bfw,https://api.spotify.com/v1/audio-analysis/1l3S4j9ksQMh2tKIta1bfw,214328,4
1xeirnmUAe86uZTUOIjmgL,Sorrow For Tomorrow,Thee Sacred Souls,Thee Sacred Souls,169813,46,short_term,"['latinx alternative', 'souldies']",0.657,0.62,11,-6.173,0,0.0247,0.561,5.27e-06,0.115,0.843,85.677,audio_features,spotify:track:1xeirnmUAe86uZTUOIjmgL,https://api.spotify.com/v1/tracks/1xeirnmUAe86uZTUOIjmgL,https://api.spotify.com/v1/audio-analysis/1xeirnmUAe86uZTUOIjmgL,169813,4
2Z9qpIiNiVTB5GRI60euWZ,Shou Mbakiki,Sea of Stars,Jean-Marie Riachi,265968,45,short_term,['arabic jazz'],0.6,0.621,2,-7.19,0,0.0325,0.154,0.0,0.0986,0.46,140.016,audio_features,spotify:track:2Z9qpIiNiVTB5GRI60euWZ,https://api.spotify.com/v1/tracks/2Z9qpIiNiVTB5GRI60euWZ,https://api.spotify.com/v1/audio-analysis/2Z9qpIiNiVTB5GRI60euWZ,265968,4
3Xvu5uFWbyHd0qixrvIxxE,2PAC,SATURATION,BROCKHAMPTON,62375,40,short_term,"['boy band', 'rap']",0.709,0.505,3,-8.627,1,0.212,0.503,0.000422,0.179,0.71,77.947,audio_features,spotify:track:3Xvu5uFWbyHd0qixrvIxxE,https://api.spotify.com/v1/tracks/3Xvu5uFWbyHd0qixrvIxxE,https://api.spotify.com/v1/audio-analysis/3Xvu5uFWbyHd0qixrvIxxE,62375,3
4hRCy0hLfHYLlKHEF5JG4N,Aam Yes2alou,Aam Yes2alou,Al Walid Hallani,212244,40,short_term,['dabke'],0.51,0.643,1,-5.885,0,0.0589,0.377,0.0,0.314,0.537,93.96,audio_features,spotify:track:4hRCy0hLfHYLlKHEF5JG4N,https://api.spotify.com/v1/tracks/4hRCy0hLfHYLlKHEF5JG4N,https://api.spotify.com/v1/audio-analysis/4hRCy0hLfHYLlKHEF5JG4N,212245,4
4t099a51Qwogim9h8HPZUe,Hokm El Alb,Wael Kfoury,Wael Kfoury,233813,49,short_term,"['arab pop', 'belly dance', 'lebanese pop']",0.41,0.577,2,-6.222,0,0.105,0.584,0.0,0.211,0.542,81.186,audio_features,spotify:track:4t099a51Qwogim9h8HPZUe,https://api.spotify.com/v1/tracks/4t099a51Qwogim9h8HPZUe,https://api.spotify.com/v1/audio-analysis/4t099a51Qwogim9h8HPZUe,233814,4
5Avczi9dhLQDx8JHrlkJZp,Haydi Habibit Albi,Haydi Habibit Albi,Ziad Bourji,222732,49,short_term,"['arab pop', 'lebanese pop']",0.682,0.703,6,-7.302,0,0.0798,0.142,3.4e-05,0.0335,0.802,172.046,audio_features,spotify:track:5Avczi9dhLQDx8JHrlkJZp,https://api.spotify.com/v1/tracks/5Avczi9dhLQDx8JHrlkJZp,https://api.spotify.com/v1/audio-analysis/5Avczi9dhLQDx8JHrlkJZp,222733,4
0kAlbcYrmNuNgFYny7QfL5,Rah Terjaii,Rah Terjaii,Naji Osta,344746,32,short_term,"['arab pop', 'dabke', 'lebanese pop']",0.552,0.48,1,-6.441,0,0.0531,0.718,0.0,0.336,0.294,134.15,audio_features,spotify:track:0kAlbcYrmNuNgFYny7QfL5,https://api.spotify.com/v1/tracks/0kAlbcYrmNuNgFYny7QfL5,https://api.spotify.com/v1/audio-analysis/0kAlbcYrmNuNgFYny7QfL5,344747,4
5WJkGHnur7ykI0tqTUntdL,من كتاب الحب,كتاب الحب,Kadim Al Sahir,380293,41,short_term,"['arab pop', 'khaleeji iraqi']",0.708,0.591,5,-7.997,0,0.0296,0.418,0.000156,0.0698,0.421,129.991,audio_features,spotify:track:5WJkGHnur7ykI0tqTUntdL,https://api.spotify.com/v1/tracks/5WJkGHnur7ykI0tqTUntdL,https://api.spotify.com/v1/audio-analysis/5WJkGHnur7ykI0tqTUntdL,380293,4
0DEZsTQcU0K8H1fQbT5tyR,Fi Hada,Fi Hada,Adam,219624,45,short_term,nan,0.588,0.533,11,-9.685,0,0.0354,0.0437,0.0,0.175,0.254,119.941,audio_features,spotify:track:0DEZsTQcU0K8H1fQbT5tyR,https://api.spotify.com/v1/tracks/0DEZsTQcU0K8H1fQbT5tyR,https://api.spotify.com/v1/audio-analysis/0DEZsTQcU0K8H1fQbT5tyR,219624,4
1EKrYEbzcAFz3s5Vkb4yQz,Ana Weyak,Ana Weyak,Ziad Bourji,202786,47,short_term,"['arab pop', 'lebanese pop']",0.526,0.559,4,-8.684,0,0.0738,0.576,0.0,0.344,0.775,168.093,audio_features,spotify:track:1EKrYEbzcAFz3s5Vkb4yQz,https://api.spotify.com/v1/tracks/1EKrYEbzcAFz3s5Vkb4yQz,https://api.spotify.com/v1/audio-analysis/1EKrYEbzcAFz3s5Vkb4yQz,202786,4
1XPj5quoeV5Gd0paSUDpvm,You Send Me - Mono,Sam Cooke,Sam Cooke,165733,61,short_term,"['classic soul', 'soul', 'vocal jazz']",0.572,0.365,4,-7.583,0,0.0276,0.88,0.0,0.125,0.41,96.022,audio_features,spotify:track:1XPj5quoeV5Gd0paSUDpvm,https://api.spotify.com/v1/tracks/1XPj5quoeV5Gd0paSUDpvm,https://api.spotify.com/v1/audio-analysis/1XPj5quoeV5Gd0paSUDpvm,165733,4
4MmVIBw7hNG9Iw9arQDyKb,Enti Mshiti,Enti Mshiti,Melhem Zein,353123,45,short_term,"['arab pop', 'dabke', 'lebanese pop']",0.727,0.708,5,-4.188,1,0.042,0.106,3.67e-06,0.133,0.589,148.06,audio_features,spotify:track:4MmVIBw7hNG9Iw9arQDyKb,https://api.spotify.com/v1/tracks/4MmVIBw7hNG9Iw9arQDyKb,https://api.spotify.com/v1/audio-analysis/4MmVIBw7hNG9Iw9arQDyKb,353123,4
4ZMJshw6UOvaTWWThYtEoW,Heartless,808s & Heartbreak,Kanye West,211000,70,short_term,"['chicago rap', 'hip hop', 'rap']",0.79,0.647,10,-5.983,0,0.136,0.0515,0.0,0.248,0.654,87.999,audio_features,spotify:track:4ZMJshw6UOvaTWWThYtEoW,https://api.spotify.com/v1/tracks/4ZMJshw6UOvaTWWThYtEoW,https://api.spotify.com/v1/audio-analysis/4ZMJshw6UOvaTWWThYtEoW,211000,4
6o25gM7QU4WmiZxCea7yNt,Bardo Betewhashni,Bardo Betewhashni,Angham,241840,48,short_term,"['arab pop', 'classic arab pop', 'egyptian pop']",0.699,0.515,7,-6.898,0,0.0301,0.598,0.0,0.324,0.812,98.0,audio_features,spotify:track:6o25gM7QU4WmiZxCea7yNt,https://api.spotify.com/v1/tracks/6o25gM7QU4WmiZxCea7yNt,https://api.spotify.com/v1/audio-analysis/6o25gM7QU4WmiZxCea7yNt,241840,4
19YKaevk2bce4odJkP5L22,Nikes,Blonde,Frank Ocean,314075,73,short_term,"['lgbtq+ hip hop', 'neo soul']",0.633,0.395,8,-9.638,1,0.0857,0.692,0.000222,0.108,0.123,138.023,audio_features,spotify:track:19YKaevk2bce4odJkP5L22,https://api.spotify.com/v1/tracks/19YKaevk2bce4odJkP5L22,https://api.spotify.com/v1/audio-analysis/19YKaevk2bce4odJkP5L22,314075,4
5tlP8y3s1iMDKOoDlN1xQT,Shou Helou,Shou Helou,Ziad Bourji,211046,55,short_term,"['arab pop', 'lebanese pop']",0.829,0.718,11,-4.654,0,0.0374,0.654,0.0117,0.107,0.944,120.0,audio_features,spotify:track:5tlP8y3s1iMDKOoDlN1xQT,https://api.spotify.com/v1/tracks/5tlP8y3s1iMDKOoDlN1xQT,https://api.spotify.com/v1/audio-analysis/5tlP8y3s1iMDKOoDlN1xQT,211047,4
3yO1OjqT59JyjHaQZcCYDX,Burning Down the House - 2005 Remaster,Speaking in Tongues (Deluxe Version),Talking Heads,241773,58,short_term,"['alternative rock', 'art punk', 'dance rock', 'funk rock', 'new wave', 'permanent wave', 'post-punk', 'rock', 'zolo']",0.776,0.871,5,-11.108,0,0.0519,0.00294,0.0129,0.0598,0.57,103.249,audio_features,spotify:track:3yO1OjqT59JyjHaQZcCYDX,https://api.spotify.com/v1/tracks/3yO1OjqT59JyjHaQZcCYDX,https://api.spotify.com/v1/audio-analysis/3yO1OjqT59JyjHaQZcCYDX,241773,4
4XQgeG5VBvvf0xRqNPsYFc,Hyyerr,Man On The Moon: The End Of Day (Int'l Version),Kid Cudi,212106,43,short_term,"['hip hop', 'ohio hip hop', 'pop rap', 'rap']",0.725,0.647,4,-4.091,0,0.088,0.261,0.0,0.641,0.557,119.989,audio_features,spotify:track:4XQgeG5VBvvf0xRqNPsYFc,https://api.spotify.com/v1/tracks/4XQgeG5VBvvf0xRqNPsYFc,https://api.spotify.com/v1/audio-analysis/4XQgeG5VBvvf0xRqNPsYFc,212107,4
0A2FTqHWOtYq7ITYAagY4a,Taa,Taa,Adam,249626,28,short_term,nan,0.3,0.438,0,-6.374,0,0.0329,0.763,0.0,0.196,0.361,92.75,audio_features,spotify:track:0A2FTqHWOtYq7ITYAagY4a,https://api.spotify.com/v1/tracks/0A2FTqHWOtYq7ITYAagY4a,https://api.spotify.com/v1/audio-analysis/0A2FTqHWOtYq7ITYAagY4a,249626,4
196CcGNeJ0poBVJlIvnPUr,شِمالي,الاغاني اللي عملتا الك,Joseph Attieh,211043,37,short_term,"['arab pop', 'dabke', 'lebanese pop']",0.746,0.909,10,-6.363,0,0.068,0.11,3.39e-05,0.107,0.736,110.039,audio_features,spotify:track:196CcGNeJ0poBVJlIvnPUr,https://api.spotify.com/v1/tracks/196CcGNeJ0poBVJlIvnPUr,https://api.spotify.com/v1/audio-analysis/196CcGNeJ0poBVJlIvnPUr,211043,4
19a3JfW8BQwqHWUMbcqSx8,Famous,The Life Of Pablo,Kanye West,196040,76,short_term,"['chicago rap', 'hip hop', 'rap']",0.465,0.735,6,-3.715,1,0.117,0.0711,0.0,0.0975,0.409,173.935,audio_features,spotify:track:19a3JfW8BQwqHWUMbcqSx8,https://api.spotify.com/v1/tracks/19a3JfW8BQwqHWUMbcqSx8,https://api.spotify.com/v1/audio-analysis/19a3JfW8BQwqHWUMbcqSx8,196040,4
1AofrI6TYzXGIrvKk3tjWe,Ettala Fia,Helm,Carole Samaha,285558,56,short_term,"['arab pop', 'lebanese pop']",0.562,0.755,0,-5.503,0,0.0398,0.0441,1.37e-06,0.206,0.512,183.769,audio_features,spotify:track:1AofrI6TYzXGIrvKk3tjWe,https://api.spotify.com/v1/tracks/1AofrI6TYzXGIrvKk3tjWe,https://api.spotify.com/v1/audio-analysis/1AofrI6TYzXGIrvKk3tjWe,285559,4
1eoSOq9Flem4Y0Hzlv5D8H,جن الهوى,قرب ليي,Wael Kfoury,243957,43,short_term,"['arab pop', 'belly dance', 'lebanese pop']",0.588,0.689,9,-9.087,0,0.121,0.249,6.55e-06,0.324,0.548,175.995,audio_features,spotify:track:1eoSOq9Flem4Y0Hzlv5D8H,https://api.spotify.com/v1/tracks/1eoSOq9Flem4Y0Hzlv5D8H,https://api.spotify.com/v1/audio-analysis/1eoSOq9Flem4Y0Hzlv5D8H,243958,4
1rnAqjXXzirQV1UxIDFI7K,Weilak,Hobb W Mkattar,Joseph Attieh,209397,47,short_term,"['arab pop', 'dabke', 'lebanese pop']",0.813,0.807,2,-5.873,0,0.0492,0.591,0.0,0.122,0.782,104.001,audio_features,spotify:track:1rnAqjXXzirQV1UxIDFI7K,https://api.spotify.com/v1/tracks/1rnAqjXXzirQV1UxIDFI7K,https://api.spotify.com/v1/audio-analysis/1rnAqjXXzirQV1UxIDFI7K,209398,4
6Jv7kjGkhY2fT4yuBF3aTz,"Lover, You Should've Come Over",Grace,Jeff Buckley,404213,72,medium_term,"['melancholia', 'permanent wave', 'singer-songwriter']",0.387,0.595,2,-5.67,1,0.0389,0.361,1.1e-05,0.174,0.151,119.38,audio_features,spotify:track:6Jv7kjGkhY2fT4yuBF3aTz,https://api.spotify.com/v1/tracks/6Jv7kjGkhY2fT4yuBF3aTz,https://api.spotify.com/v1/audio-analysis/6Jv7kjGkhY2fT4yuBF3aTz,404213,3
4vHNeBWDQpVCmGbaccrRzi,Goodie Bag,Goodie Bag,Still Woozy,146390,78,medium_term,"['bedroom pop', 'oakland indie', 'pov: indie']",0.739,0.522,7,-12.304,0,0.151,0.821,0.00124,0.233,0.619,138.263,audio_features,spotify:track:4vHNeBWDQpVCmGbaccrRzi,https://api.spotify.com/v1/tracks/4vHNeBWDQpVCmGbaccrRzi,https://api.spotify.com/v1/audio-analysis/4vHNeBWDQpVCmGbaccrRzi,146390,4
5DBmXF7QO43Cuy9yqva116,Family Business,The College Dropout,Kanye West,278893,67,medium_term,"['chicago rap', 'hip hop', 'rap']",0.744,0.524,1,-7.452,1,0.21,0.139,0.0,0.392,0.606,93.691,audio_features,spotify:track:5DBmXF7QO43Cuy9yqva116,https://api.spotify.com/v1/tracks/5DBmXF7QO43Cuy9yqva116,https://api.spotify.com/v1/audio-analysis/5DBmXF7QO43Cuy9yqva116,278893,4
5j3so8OA4ddWtvObRxy0zm,Something I Need,Something I Need,Koteri,216236,27,medium_term,[],0.585,0.563,9,-7.198,0,0.0414,0.706,0.00342,0.132,0.626,80.003,audio_features,spotify:track:5j3so8OA4ddWtvObRxy0zm,https://api.spotify.com/v1/tracks/5j3so8OA4ddWtvObRxy0zm,https://api.spotify.com/v1/audio-analysis/5j3so8OA4ddWtvObRxy0zm,216237,4
6ajuD3Vrq9kJ5viPyggvZM,Weak for Your Love,Thee Sacred Souls,Thee Sacred Souls,261306,25,medium_term,"['latinx alternative', 'souldies']",0.744,0.422,11,-9.2,0,0.033,0.146,0.00145,0.0779,0.562,127.726,audio_features,spotify:track:6ajuD3Vrq9kJ5viPyggvZM,https://api.spotify.com/v1/tracks/6ajuD3Vrq9kJ5viPyggvZM,https://api.spotify.com/v1/audio-analysis/6ajuD3Vrq9kJ5viPyggvZM,261307,4
694vvR5o19xHPhhJ5QdLN7,NO HALO,GINGER,BROCKHAMPTON,259746,59,medium_term,"['boy band', 'rap']",0.643,0.573,4,-7.034,1,0.0709,0.41,0.00017,0.0695,0.47,165.192,audio_features,spotify:track:694vvR5o19xHPhhJ5QdLN7,https://api.spotify.com/v1/tracks/694vvR5o19xHPhhJ5QdLN7,https://api.spotify.com/v1/audio-analysis/694vvR5o19xHPhhJ5QdLN7,259747,4
4Tzw9IdZbVyzmpWrvsGaNX,Wildfires,Untitled (Black Is),SAULT,206947,72,medium_term,"['indie soul', 'pop soul']",0.862,0.314,3,-8.269,0,0.0369,0.108,0.156,0.0878,0.502,114.472,audio_features,spotify:track:4Tzw9IdZbVyzmpWrvsGaNX,https://api.spotify.com/v1/tracks/4Tzw9IdZbVyzmpWrvsGaNX,https://api.spotify.com/v1/audio-analysis/4Tzw9IdZbVyzmpWrvsGaNX,206947,4
3FAclTFfvUuQYnEsptbK8w,Back To Black,Back To Black (Deluxe Edition),Amy Winehouse,241293,81,medium_term,"['british soul', 'neo soul']",0.403,0.422,7,-13.964,0,0.0373,0.134,2.05e-05,0.0861,0.378,122.728,audio_features,spotify:track:3FAclTFfvUuQYnEsptbK8w,https://api.spotify.com/v1/tracks/3FAclTFfvUuQYnEsptbK8w,https://api.spotify.com/v1/audio-analysis/3FAclTFfvUuQYnEsptbK8w,241293,4
6VnpKLtfNH4Dk09YSGPSyR,It Ain't Over 'Til It's Over,Mama Said,Lenny Kravitz,242640,76,medium_term,"['permanent wave', 'rock']",0.679,0.568,6,-10.74,1,0.0423,0.422,0.00928,0.322,0.93,159.69,audio_features,spotify:track:6VnpKLtfNH4Dk09YSGPSyR,https://api.spotify.com/v1/tracks/6VnpKLtfNH4Dk09YSGPSyR,https://api.spotify.com/v1/audio-analysis/6VnpKLtfNH4Dk09YSGPSyR,242640,4
3UyfbleQaK7IJJQ1KGypve,Brown Steel,Peak,Choker,189713,36,medium_term,['alternative r&b'],0.567,0.46,0,-6.249,1,0.0307,0.352,0.00478,0.565,0.332,127.295,audio_features,spotify:track:3UyfbleQaK7IJJQ1KGypve,https://api.spotify.com/v1/tracks/3UyfbleQaK7IJJQ1KGypve,https://api.spotify.com/v1/audio-analysis/3UyfbleQaK7IJJQ1KGypve,189714,4
4XQgeG5VBvvf0xRqNPsYFc,Hyyerr,Man On The Moon: The End Of Day (Int'l Version),Kid Cudi,212106,43,medium_term,"['hip hop', 'ohio hip hop', 'pop rap', 'rap']",0.725,0.647,4,-4.091,0,0.088,0.261,0.0,0.641,0.557,119.989,audio_features,spotify:track:4XQgeG5VBvvf0xRqNPsYFc,https://api.spotify.com/v1/tracks/4XQgeG5VBvvf0xRqNPsYFc,https://api.spotify.com/v1/audio-analysis/4XQgeG5VBvvf0xRqNPsYFc,212107,4
73sJYNNftZeqUxHu5l4w1z,Future Lover,Thee Sacred Souls,Thee Sacred Souls,211626,21,medium_term,"['latinx alternative', 'souldies']",0.607,0.468,11,-7.587,1,0.0271,0.088,0.000155,0.0909,0.806,147.57,audio_features,spotify:track:73sJYNNftZeqUxHu5l4w1z,https://api.spotify.com/v1/tracks/73sJYNNftZeqUxHu5l4w1z,https://api.spotify.com/v1/audio-analysis/73sJYNNftZeqUxHu5l4w1z,211627,4
3uliGwmB52ZA7brgpZMzyH,Love Is A Losing Game,Back To Black (Deluxe Edition),Amy Winehouse,155413,69,medium_term,"['british soul', 'neo soul']",0.484,0.293,0,-16.544,1,0.0311,0.337,0.00627,0.146,0.562,165.008,audio_features,spotify:track:3uliGwmB52ZA7brgpZMzyH,https://api.spotify.com/v1/tracks/3uliGwmB52ZA7brgpZMzyH,https://api.spotify.com/v1/audio-analysis/3uliGwmB52ZA7brgpZMzyH,155413,4
4vju55Ag7apDL2CfotuE7Q,Sunny,Sunny,Bobby Hebb,165066,71,medium_term,['northern soul'],0.714,0.338,4,-10.994,0,0.0456,0.93,0.00644,0.389,0.667,128.385,audio_features,spotify:track:4vju55Ag7apDL2CfotuE7Q,https://api.spotify.com/v1/tracks/4vju55Ag7apDL2CfotuE7Q,https://api.spotify.com/v1/audio-analysis/4vju55Ag7apDL2CfotuE7Q,165067,4
7dIPEjXoxkhmNR9S7EQVJ0,Easier Said Than Done,Thee Sacred Souls,Thee Sacred Souls,174706,24,medium_term,"['latinx alternative', 'souldies']",0.547,0.399,10,-9.808,1,0.0246,0.668,2.81e-06,0.132,0.563,84.127,audio_features,spotify:track:7dIPEjXoxkhmNR9S7EQVJ0,https://api.spotify.com/v1/tracks/7dIPEjXoxkhmNR9S7EQVJ0,https://api.spotify.com/v1/audio-analysis/7dIPEjXoxkhmNR9S7EQVJ0,174707,4
2UOopL3Y405ruJyMzJcdWD,Khserna Baad,Khserna Baad,Maya Diab,187561,44,medium_term,"['arab pop', 'lebanese pop']",0.689,0.605,7,-7.917,0,0.0776,0.127,0.0,0.0827,0.146,87.017,audio_features,spotify:track:2UOopL3Y405ruJyMzJcdWD,https://api.spotify.com/v1/tracks/2UOopL3Y405ruJyMzJcdWD,https://api.spotify.com/v1/audio-analysis/2UOopL3Y405ruJyMzJcdWD,187562,4
7oOEFDLSQscl0uGulnIEmG,Love & Hate,Love & Hate,Michael Kiwanuka,427093,66,medium_term,"['british soul', 'neo soul', 'psychedelic soul', 'soul']",0.278,0.494,7,-7.853,0,0.029,0.157,0.000407,0.173,0.527,169.661,audio_features,spotify:track:7oOEFDLSQscl0uGulnIEmG,https://api.spotify.com/v1/tracks/7oOEFDLSQscl0uGulnIEmG,https://api.spotify.com/v1/audio-analysis/7oOEFDLSQscl0uGulnIEmG,427093,4
1fOkmYW3ZFkkjIdOZSf596,Pink Matter,channel ORANGE,Frank Ocean,268813,74,medium_term,"['lgbtq+ hip hop', 'neo soul']",0.392,0.233,11,-11.012,0,0.0587,0.951,0.000322,0.106,0.494,176.569,audio_features,spotify:track:1fOkmYW3ZFkkjIdOZSf596,https://api.spotify.com/v1/tracks/1fOkmYW3ZFkkjIdOZSf596,https://api.spotify.com/v1/audio-analysis/1fOkmYW3ZFkkjIdOZSf596,268813,3
1Cm3f5zjPhCrR0VqodoJhK,Btwhasheni,Btwhasheni,Fadel Chaker,231197,51,medium_term,"['arab pop', 'lebanese pop']",0.572,0.687,8,-9.249,1,0.0397,0.399,0.0242,0.142,0.914,175.993,audio_features,spotify:track:1Cm3f5zjPhCrR0VqodoJhK,https://api.spotify.com/v1/tracks/1Cm3f5zjPhCrR0VqodoJhK,https://api.spotify.com/v1/audio-analysis/1Cm3f5zjPhCrR0VqodoJhK,231198,4
4ZMJshw6UOvaTWWThYtEoW,Heartless,808s & Heartbreak,Kanye West,211000,70,medium_term,"['chicago rap', 'hip hop', 'rap']",0.79,0.647,10,-5.983,0,0.136,0.0515,0.0,0.248,0.654,87.999,audio_features,spotify:track:4ZMJshw6UOvaTWWThYtEoW,https://api.spotify.com/v1/tracks/4ZMJshw6UOvaTWWThYtEoW,https://api.spotify.com/v1/audio-analysis/4ZMJshw6UOvaTWWThYtEoW,211000,4
7wnj1zRcZVlPNJ58shwl7h,Can I Call You Rose?,Thee Sacred Souls,Thee Sacred Souls,190546,28,medium_term,"['latinx alternative', 'souldies']",0.302,0.4,0,-8.212,0,0.0364,0.719,0.000621,0.172,0.421,180.852,audio_features,spotify:track:7wnj1zRcZVlPNJ58shwl7h,https://api.spotify.com/v1/tracks/7wnj1zRcZVlPNJ58shwl7h,https://api.spotify.com/v1/audio-analysis/7wnj1zRcZVlPNJ58shwl7h,190547,3
2OG1u9eX4Zjsi7fGQB9T8t,اخدني معك,حبك علمني,فضل شاكر,313939,46,medium_term,[],0.607,0.623,4,-8.804,0,0.0463,0.224,0.000156,0.0482,0.28,88.093,audio_features,spotify:track:2OG1u9eX4Zjsi7fGQB9T8t,https://api.spotify.com/v1/tracks/2OG1u9eX4Zjsi7fGQB9T8t,https://api.spotify.com/v1/audio-analysis/2OG1u9eX4Zjsi7fGQB9T8t,313940,4
4t099a51Qwogim9h8HPZUe,Hokm El Alb,Wael Kfoury,Wael Kfoury,233813,49,medium_term,"['arab pop', 'belly dance', 'lebanese pop']",0.41,0.577,2,-6.222,0,0.105,0.584,0.0,0.211,0.542,81.186,audio_features,spotify:track:4t099a51Qwogim9h8HPZUe,https://api.spotify.com/v1/tracks/4t099a51Qwogim9h8HPZUe,https://api.spotify.com/v1/audio-analysis/4t099a51Qwogim9h8HPZUe,233814,4
1EKrYEbzcAFz3s5Vkb4yQz,Ana Weyak,Ana Weyak,Ziad Bourji,202786,47,medium_term,"['arab pop', 'lebanese pop']",0.526,0.559,4,-8.684,0,0.0738,0.576,0.0,0.344,0.775,168.093,audio_features,spotify:track:1EKrYEbzcAFz3s5Vkb4yQz,https://api.spotify.com/v1/tracks/1EKrYEbzcAFz3s5Vkb4yQz,https://api.spotify.com/v1/audio-analysis/1EKrYEbzcAFz3s5Vkb4yQz,202786,4
3sg5wboOGpcM4OdlRra6yf,Betrouh,Ya Ayech Bi Oyouni,Yara,269184,37,medium_term,"['arab pop', 'lebanese pop']",0.323,0.373,1,-8.717,1,0.0359,0.816,0.0,0.107,0.415,79.962,audio_features,spotify:track:3sg5wboOGpcM4OdlRra6yf,https://api.spotify.com/v1/tracks/3sg5wboOGpcM4OdlRra6yf,https://api.spotify.com/v1/audio-analysis/3sg5wboOGpcM4OdlRra6yf,269185,4
4g3dSoIjesUCD7MoyHD9zz,Bde'ellak,Bde'ellak,Joseph Attieh,174447,40,medium_term,"['arab pop', 'dabke', 'lebanese pop']",0.623,0.453,0,-8.695,0,0.228,0.578,1.51e-05,0.104,0.589,165.939,audio_features,spotify:track:4g3dSoIjesUCD7MoyHD9zz,https://api.spotify.com/v1/tracks/4g3dSoIjesUCD7MoyHD9zz,https://api.spotify.com/v1/audio-analysis/4g3dSoIjesUCD7MoyHD9zz,174447,4
1xeirnmUAe86uZTUOIjmgL,Sorrow For Tomorrow,Thee Sacred Souls,Thee Sacred Souls,169813,46,medium_term,"['latinx alternative', 'souldies']",0.657,0.62,11,-6.173,0,0.0247,0.561,5.27e-06,0.115,0.843,85.677,audio_features,spotify:track:1xeirnmUAe86uZTUOIjmgL,https://api.spotify.com/v1/tracks/1xeirnmUAe86uZTUOIjmgL,https://api.spotify.com/v1/audio-analysis/1xeirnmUAe86uZTUOIjmgL,169813,4
2nZKHO69mzHL9GtNWzAKpy,Habibi Wayno,Habibi Wayno,Ziad Bourji,286149,42,medium_term,"['arab pop', 'lebanese pop']",0.635,0.889,10,-5.512,1,0.0859,0.205,4.11e-06,0.0437,0.682,96.946,audio_features,spotify:track:2nZKHO69mzHL9GtNWzAKpy,https://api.spotify.com/v1/tracks/2nZKHO69mzHL9GtNWzAKpy,https://api.spotify.com/v1/audio-analysis/2nZKHO69mzHL9GtNWzAKpy,286150,4
5AkcsVLzhVBC22ZiXcPTu6,Set El Kel,Set El Kel,Wael Kfoury,198790,56,medium_term,"['arab pop', 'belly dance', 'lebanese pop']",0.582,0.719,0,-8.665,0,0.133,0.556,9.7e-05,0.0855,0.863,184.29,audio_features,spotify:track:5AkcsVLzhVBC22ZiXcPTu6,https://api.spotify.com/v1/tracks/5AkcsVLzhVBC22ZiXcPTu6,https://api.spotify.com/v1/audio-analysis/5AkcsVLzhVBC22ZiXcPTu6,198791,4
2TVxnKdb3tqe1nhQWwwZCO,Tiny Dancer,Madman Across The Water,Elton John,377093,80,medium_term,"['glam rock', 'mellow gold', 'piano rock', 'rock']",0.414,0.428,0,-11.097,1,0.0278,0.382,0.000243,0.148,0.282,145.075,audio_features,spotify:track:2TVxnKdb3tqe1nhQWwwZCO,https://api.spotify.com/v1/tracks/2TVxnKdb3tqe1nhQWwwZCO,https://api.spotify.com/v1/audio-analysis/2TVxnKdb3tqe1nhQWwwZCO,377093,4
5rch1DswiMlatWeoHcQGG0,Weilak Acoustik,Hobb W Mkattar,Joseph Attieh,212767,35,medium_term,"['arab pop', 'dabke', 'lebanese pop']",0.472,0.22,0,-10.599,0,0.0414,0.92,2.03e-06,0.109,0.452,78.834,audio_features,spotify:track:5rch1DswiMlatWeoHcQGG0,https://api.spotify.com/v1/tracks/5rch1DswiMlatWeoHcQGG0,https://api.spotify.com/v1/audio-analysis/5rch1DswiMlatWeoHcQGG0,212767,3
1k1Bqnv2R0uJXQN4u6LKYt,Ain't No Sunshine,Just As I Am,Bill Withers,125093,84,medium_term,"['funk', 'quiet storm', 'soul']",0.527,0.415,4,-11.451,0,0.122,0.457,1.72e-05,0.117,0.515,78.169,audio_features,spotify:track:1k1Bqnv2R0uJXQN4u6LKYt,https://api.spotify.com/v1/tracks/1k1Bqnv2R0uJXQN4u6LKYt,https://api.spotify.com/v1/audio-analysis/1k1Bqnv2R0uJXQN4u6LKYt,125093,4
7yNK27ZTpHew0c55VvIJgm,Dark Fantasy,My Beautiful Dark Twisted Fantasy,Kanye West,280786,72,medium_term,"['chicago rap', 'hip hop', 'rap']",0.599,0.587,5,-5.919,1,0.0423,0.274,0.0,0.167,0.373,87.998,audio_features,spotify:track:7yNK27ZTpHew0c55VvIJgm,https://api.spotify.com/v1/tracks/7yNK27ZTpHew0c55VvIJgm,https://api.spotify.com/v1/audio-analysis/7yNK27ZTpHew0c55VvIJgm,280787,4
3pRaLNL3b8x5uBOcsgvdqM,Hallelujah,Grace,Jeff Buckley,413826,71,medium_term,"['melancholia', 'permanent wave', 'singer-songwriter']",0.324,0.136,0,-10.33,1,0.0318,0.931,0.00117,0.176,0.0831,97.256,audio_features,spotify:track:3pRaLNL3b8x5uBOcsgvdqM,https://api.spotify.com/v1/tracks/3pRaLNL3b8x5uBOcsgvdqM,https://api.spotify.com/v1/audio-analysis/3pRaLNL3b8x5uBOcsgvdqM,413827,3
3Xvu5uFWbyHd0qixrvIxxE,2PAC,SATURATION,BROCKHAMPTON,62375,40,medium_term,"['boy band', 'rap']",0.709,0.505,3,-8.627,1,0.212,0.503,0.000422,0.179,0.71,77.947,audio_features,spotify:track:3Xvu5uFWbyHd0qixrvIxxE,https://api.spotify.com/v1/tracks/3Xvu5uFWbyHd0qixrvIxxE,https://api.spotify.com/v1/audio-analysis/3Xvu5uFWbyHd0qixrvIxxE,62375,3
54PiwwEBUU3HANCnSFgDLM,La Ouyounik El Helwin,La Ouyounik El Helwin,Ziad Bourji,222358,40,medium_term,"['arab pop', 'lebanese pop']",0.737,0.597,9,-6.634,0,0.108,0.197,1.55e-05,0.36,0.652,170.0,audio_features,spotify:track:54PiwwEBUU3HANCnSFgDLM,https://api.spotify.com/v1/tracks/54PiwwEBUU3HANCnSFgDLM,https://api.spotify.com/v1/audio-analysis/54PiwwEBUU3HANCnSFgDLM,222358,4
0f2zcrhhHT59aIGQvRlTZ1,One More Night,Love & Hate,Michael Kiwanuka,233413,64,medium_term,"['british soul', 'neo soul', 'psychedelic soul', 'soul']",0.684,0.764,6,-5.342,0,0.0254,0.0129,0.000171,0.141,0.944,107.806,audio_features,spotify:track:0f2zcrhhHT59aIGQvRlTZ1,https://api.spotify.com/v1/tracks/0f2zcrhhHT59aIGQvRlTZ1,https://api.spotify.com/v1/audio-analysis/0f2zcrhhHT59aIGQvRlTZ1,233413,4
113iEwaI5Se6Q287iXOIJy,Love Is A Losing Game - Original Demo,Back To Black (Deluxe Edition),Amy Winehouse,223893,48,medium_term,"['british soul', 'neo soul']",0.592,0.0393,0,-10.944,1,0.0455,0.966,6.77e-05,0.157,0.208,113.296,audio_features,spotify:track:113iEwaI5Se6Q287iXOIJy,https://api.spotify.com/v1/tracks/113iEwaI5Se6Q287iXOIJy,https://api.spotify.com/v1/audio-analysis/113iEwaI5Se6Q287iXOIJy,223893,4
6o25gM7QU4WmiZxCea7yNt,Bardo Betewhashni,Bardo Betewhashni,Angham,241840,48,medium_term,"['arab pop', 'classic arab pop', 'egyptian pop']",0.699,0.515,7,-6.898,0,0.0301,0.598,0.0,0.324,0.812,98.0,audio_features,spotify:track:6o25gM7QU4WmiZxCea7yNt,https://api.spotify.com/v1/tracks/6o25gM7QU4WmiZxCea7yNt,https://api.spotify.com/v1/audio-analysis/6o25gM7QU4WmiZxCea7yNt,241840,4
1HkOPLwAJH3kE8UnqgxF4s,Skinny Love,"For Emma, Forever Ago",Bon Iver,238532,69,medium_term,"['chamber pop', 'eau claire indie', 'indie folk', 'melancholia', 'modern rock']",0.592,0.256,4,-14.031,0,0.0449,0.842,2.38e-06,0.088,0.103,76.358,audio_features,spotify:track:1HkOPLwAJH3kE8UnqgxF4s,https://api.spotify.com/v1/tracks/1HkOPLwAJH3kE8UnqgxF4s,https://api.spotify.com/v1/audio-analysis/1HkOPLwAJH3kE8UnqgxF4s,238533,4
1pfjYmRDZtkza7Z1nAkb32,Keda Bardou - Acoustic Version,Keda Bardou (Acoustic Version),Maya Diab,163631,35,medium_term,"['arab pop', 'lebanese pop']",0.777,0.423,7,-7.153,1,0.0304,0.558,0.0,0.14,0.622,92.957,audio_features,spotify:track:1pfjYmRDZtkza7Z1nAkb32,https://api.spotify.com/v1/tracks/1pfjYmRDZtkza7Z1nAkb32,https://api.spotify.com/v1/audio-analysis/1pfjYmRDZtkza7Z1nAkb32,163631,4
5Avczi9dhLQDx8JHrlkJZp,Haydi Habibit Albi,Haydi Habibit Albi,Ziad Bourji,222732,49,medium_term,"['arab pop', 'lebanese pop']",0.682,0.703,6,-7.302,0,0.0798,0.142,3.4e-05,0.0335,0.802,172.046,audio_features,spotify:track:5Avczi9dhLQDx8JHrlkJZp,https://api.spotify.com/v1/tracks/5Avczi9dhLQDx8JHrlkJZp,https://api.spotify.com/v1/audio-analysis/5Avczi9dhLQDx8JHrlkJZp,222733,4
093CMFUwvPyFIsjBsVfBPO,El Hob El Kebir,El Hob El Kebir,Ragheb Alama,315640,50,medium_term,"['classic arab pop', 'lebanese pop']",0.621,0.965,7,-3.887,0,0.0431,0.00248,0.000169,0.119,0.809,144.971,audio_features,spotify:track:093CMFUwvPyFIsjBsVfBPO,https://api.spotify.com/v1/tracks/093CMFUwvPyFIsjBsVfBPO,https://api.spotify.com/v1/audio-analysis/093CMFUwvPyFIsjBsVfBPO,315640,4
1T8BJvWzqm59RIuwQaTob8,Aghla El Habayeb,Yama Alo,Nawal Al Zoghbi,280673,44,medium_term,"['arab pop', 'dabke', 'lebanese pop']",0.612,0.736,7,-8.63,0,0.0696,0.402,0.000575,0.268,0.688,167.972,audio_features,spotify:track:1T8BJvWzqm59RIuwQaTob8,https://api.spotify.com/v1/tracks/1T8BJvWzqm59RIuwQaTob8,https://api.spotify.com/v1/audio-analysis/1T8BJvWzqm59RIuwQaTob8,280674,4
1qQqHzG5JAYD2bV1DGf5v7,Nasini El Donya,El Hob El Kebir,Ragheb Alama,270200,63,medium_term,"['classic arab pop', 'lebanese pop']",0.72,0.635,9,-5.929,0,0.0403,0.244,5.14e-06,0.119,0.484,93.001,audio_features,spotify:track:1qQqHzG5JAYD2bV1DGf5v7,https://api.spotify.com/v1/tracks/1qQqHzG5JAYD2bV1DGf5v7,https://api.spotify.com/v1/audio-analysis/1qQqHzG5JAYD2bV1DGf5v7,270200,4
3zs3QaM0KhK0mSpfALvTJx,Omer Aasal,Omer Aasal,Joseph Attieh,221399,42,medium_term,"['arab pop', 'dabke', 'lebanese pop']",0.72,0.718,10,-7.577,0,0.0435,0.161,3.36e-06,0.116,0.597,132.045,audio_features,spotify:track:3zs3QaM0KhK0mSpfALvTJx,https://api.spotify.com/v1/tracks/3zs3QaM0KhK0mSpfALvTJx,https://api.spotify.com/v1/audio-analysis/3zs3QaM0KhK0mSpfALvTJx,221400,4
67sFOE0IZ1UlbbVvFjU112,Mshit Khalas,Mshit Khalas,Wael Jassar,278778,47,medium_term,"['arab pop', 'lebanese pop']",0.7,0.901,4,-7.742,1,0.0791,0.151,0.00113,0.0626,0.805,134.906,audio_features,spotify:track:67sFOE0IZ1UlbbVvFjU112,https://api.spotify.com/v1/tracks/67sFOE0IZ1UlbbVvFjU112,https://api.spotify.com/v1/audio-analysis/67sFOE0IZ1UlbbVvFjU112,278779,4
6YuFv5d7iGeNnFMu6xphZl,Sober,Kauai,Childish Gambino,252013,72,medium_term,"['atl hip hop', 'hip hop', 'rap']",0.701,0.591,0,-6.646,1,0.0301,0.0979,2.53e-05,0.551,0.423,98.056,audio_features,spotify:track:6YuFv5d7iGeNnFMu6xphZl,https://api.spotify.com/v1/tracks/6YuFv5d7iGeNnFMu6xphZl,https://api.spotify.com/v1/audio-analysis/6YuFv5d7iGeNnFMu6xphZl,252013,4
0725YWm6Z0TpZ6wrNk64Eb,Super Rich Kids,channel ORANGE,Frank Ocean,304760,76,medium_term,"['lgbtq+ hip hop', 'neo soul']",0.739,0.419,3,-8.241,0,0.0854,0.219,0.0,0.196,0.58,60.493,audio_features,spotify:track:0725YWm6Z0TpZ6wrNk64Eb,https://api.spotify.com/v1/tracks/0725YWm6Z0TpZ6wrNk64Eb,https://api.spotify.com/v1/audio-analysis/0725YWm6Z0TpZ6wrNk64Eb,304760,4
0pWNpTm2RtWdYbVZVxUC6N,Tetraga Feya,Habeeb El Alb,Ehab Tawfik,330293,48,medium_term,"['arab pop', 'classic arab pop', 'egyptian pop']",0.565,0.565,0,-6.957,1,0.0383,0.609,9.9e-06,0.0834,0.433,160.254,audio_features,spotify:track:0pWNpTm2RtWdYbVZVxUC6N,https://api.spotify.com/v1/tracks/0pWNpTm2RtWdYbVZVxUC6N,https://api.spotify.com/v1/audio-analysis/0pWNpTm2RtWdYbVZVxUC6N,330293,4
62wdQ5CInFr7cjISqrr46f,Baby,Dreamin' Wild,Donnie & Joe Emerson,250533,56,long_term,"['soft rock', 'traditional soul']",0.508,0.325,2,-11.627,1,0.037,0.96,0.00259,0.188,0.274,92.187,audio_features,spotify:track:62wdQ5CInFr7cjISqrr46f,https://api.spotify.com/v1/tracks/62wdQ5CInFr7cjISqrr46f,https://api.spotify.com/v1/audio-analysis/62wdQ5CInFr7cjISqrr46f,250533,4
6zfczP87XO2SxWlQtnjFNa,The Look,The English Riviera,Metronomy,277653,75,long_term,"['alternative dance', 'electronica', 'indietronica', 'neo-synthpop', 'new rave', 'socal pop punk']",0.638,0.535,9,-7.792,0,0.0415,0.623,0.0391,0.0837,0.504,84.947,audio_features,spotify:track:6zfczP87XO2SxWlQtnjFNa,https://api.spotify.com/v1/tracks/6zfczP87XO2SxWlQtnjFNa,https://api.spotify.com/v1/audio-analysis/6zfczP87XO2SxWlQtnjFNa,277653,4
07qj9w93jk1eA2TGAd6kxj,Masterpiece,5,SAULT,344680,62,long_term,"['indie soul', 'pop soul']",0.752,0.45,7,-5.2,1,0.0755,0.65,0.269,0.0925,0.836,76.49,audio_features,spotify:track:07qj9w93jk1eA2TGAd6kxj,https://api.spotify.com/v1/tracks/07qj9w93jk1eA2TGAd6kxj,https://api.spotify.com/v1/audio-analysis/07qj9w93jk1eA2TGAd6kxj,344681,4
3cUxncrTWSA9lhlQbuIwUY,Stuck on the puzzle,Submarine - Original Songs From The Film By Alex Turner,Alex Turner,211053,66,long_term,"['modern rock', 'sheffield indie']",0.58,0.682,4,-8.523,1,0.0332,0.0792,0.0316,0.161,0.774,77.53,audio_features,spotify:track:3cUxncrTWSA9lhlQbuIwUY,https://api.spotify.com/v1/tracks/3cUxncrTWSA9lhlQbuIwUY,https://api.spotify.com/v1/audio-analysis/3cUxncrTWSA9lhlQbuIwUY,211053,4
3Um9toULmYFGCpvaIPFw7l,What's Going On,What's Going On,Marvin Gaye,233000,73,long_term,"['classic soul', 'motown', 'neo soul', 'northern soul', 'quiet storm', 'soul']",0.283,0.716,1,-9.632,0,0.0986,0.447,0.0,0.399,0.828,201.96,audio_features,spotify:track:3Um9toULmYFGCpvaIPFw7l,https://api.spotify.com/v1/tracks/3Um9toULmYFGCpvaIPFw7l,https://api.spotify.com/v1/audio-analysis/3Um9toULmYFGCpvaIPFw7l,233000,4
7KkqFE3ZfAVxdBmRDeOIJb,Do You Love Her Now,Do You Love Her Now / He,Jai Paul,274995,48,long_term,['experimental r&b'],0.658,0.336,2,-10.96,1,0.0651,0.545,0.0237,0.0939,0.337,160.014,audio_features,spotify:track:7KkqFE3ZfAVxdBmRDeOIJb,https://api.spotify.com/v1/tracks/7KkqFE3ZfAVxdBmRDeOIJb,https://api.spotify.com/v1/audio-analysis/7KkqFE3ZfAVxdBmRDeOIJb,274995,4
6s64FyS9n0XYbGMLH3LOWU,Furthest Thing,Nothing Was The Same (Deluxe),Drake,267373,58,long_term,"['canadian hip hop', 'canadian pop', 'hip hop', 'pop rap', 'rap']",0.485,0.78,9,-5.261,0,0.142,0.149,0.0,0.0568,0.267,136.972,audio_features,spotify:track:6s64FyS9n0XYbGMLH3LOWU,https://api.spotify.com/v1/tracks/6s64FyS9n0XYbGMLH3LOWU,https://api.spotify.com/v1/audio-analysis/6s64FyS9n0XYbGMLH3LOWU,267373,4
1tqT6DhmsrtQgyCKUwotiw,I Heard It Through The Grapevine,In The Groove,Marvin Gaye,194293,76,long_term,"['classic soul', 'motown', 'neo soul', 'northern soul', 'quiet storm', 'soul']",0.711,0.362,3,-10.851,0,0.0381,0.272,0.0,0.127,0.616,117.287,audio_features,spotify:track:1tqT6DhmsrtQgyCKUwotiw,https://api.spotify.com/v1/tracks/1tqT6DhmsrtQgyCKUwotiw,https://api.spotify.com/v1/audio-analysis/1tqT6DhmsrtQgyCKUwotiw,194293,4
0sT4slW2xWai3EwVSiuL9Y,Eugene,Collapsed In Sunbeams,Arlo Parks,223413,54,long_term,"['indie pop', 'indie soul', 'uk contemporary r&b']",0.618,0.59,7,-7.186,0,0.0428,0.779,0.00848,0.0906,0.896,174.266,audio_features,spotify:track:0sT4slW2xWai3EwVSiuL9Y,https://api.spotify.com/v1/tracks/0sT4slW2xWai3EwVSiuL9Y,https://api.spotify.com/v1/audio-analysis/0sT4slW2xWai3EwVSiuL9Y,223413,4
0RA79dwecqvG9MR03jqiRx,Teardrops,Teardrops,NEIL FRANCES,198331,0,long_term,['indie soul'],0.87,0.72,11,-7.679,1,0.0413,0.17,0.0908,0.0686,0.832,92.006,audio_features,spotify:track:0RA79dwecqvG9MR03jqiRx,https://api.spotify.com/v1/tracks/0RA79dwecqvG9MR03jqiRx,https://api.spotify.com/v1/audio-analysis/0RA79dwecqvG9MR03jqiRx,198332,4
7CC6UbCs4iGsePSzFxYxNn,Moon,Donda,Kanye West,156091,75,long_term,"['chicago rap', 'hip hop', 'rap']",0.319,0.236,5,-9.644,1,0.0318,0.898,1.62e-05,0.272,0.254,162.351,audio_features,spotify:track:7CC6UbCs4iGsePSzFxYxNn,https://api.spotify.com/v1/tracks/7CC6UbCs4iGsePSzFxYxNn,https://api.spotify.com/v1/audio-analysis/7CC6UbCs4iGsePSzFxYxNn,156091,4
0WVTQp3SOCuMr08jh1jweV,Bring It On Home to Me,The Man Who Invented Soul,Sam Cooke,162533,68,long_term,"['classic soul', 'soul', 'vocal jazz']",0.523,0.402,0,-8.233,1,0.0305,0.778,0.0,0.432,0.675,70.863,audio_features,spotify:track:0WVTQp3SOCuMr08jh1jweV,https://api.spotify.com/v1/tracks/0WVTQp3SOCuMr08jh1jweV,https://api.spotify.com/v1/audio-analysis/0WVTQp3SOCuMr08jh1jweV,162533,4
3fqwjXwUGN6vbzIwvyFMhx,Tennessee Whiskey,Traveller,Chris Stapleton,293293,85,long_term,"['contemporary country', 'outlaw country']",0.392,0.37,9,-10.888,1,0.0298,0.205,0.0096,0.0821,0.512,48.718,audio_features,spotify:track:3fqwjXwUGN6vbzIwvyFMhx,https://api.spotify.com/v1/tracks/3fqwjXwUGN6vbzIwvyFMhx,https://api.spotify.com/v1/audio-analysis/3fqwjXwUGN6vbzIwvyFMhx,293293,4
1HwbgJAU9PZ7YbzKgVgoIF,Sierra Leone,channel ORANGE,Frank Ocean,148760,67,long_term,"['lgbtq+ hip hop', 'neo soul']",0.529,0.608,7,-7.809,1,0.0811,0.166,0.0185,0.109,0.616,125.017,audio_features,spotify:track:1HwbgJAU9PZ7YbzKgVgoIF,https://api.spotify.com/v1/tracks/1HwbgJAU9PZ7YbzKgVgoIF,https://api.spotify.com/v1/audio-analysis/1HwbgJAU9PZ7YbzKgVgoIF,148760,4
75JFxkI2RXiU7L9VXzMkle,The Scientist,A Rush of Blood to the Head,Coldplay,309600,87,long_term,"['permanent wave', 'pop']",0.557,0.442,5,-7.224,1,0.0243,0.731,1.46e-05,0.11,0.213,146.277,audio_features,spotify:track:75JFxkI2RXiU7L9VXzMkle,https://api.spotify.com/v1/tracks/75JFxkI2RXiU7L9VXzMkle,https://api.spotify.com/v1/audio-analysis/75JFxkI2RXiU7L9VXzMkle,309600,4
3UyfbleQaK7IJJQ1KGypve,Brown Steel,Peak,Choker,189713,36,long_term,['alternative r&b'],0.567,0.46,0,-6.249,1,0.0307,0.352,0.00478,0.565,0.332,127.295,audio_features,spotify:track:3UyfbleQaK7IJJQ1KGypve,https://api.spotify.com/v1/tracks/3UyfbleQaK7IJJQ1KGypve,https://api.spotify.com/v1/audio-analysis/3UyfbleQaK7IJJQ1KGypve,189714,4
0s1aSsYlLIEiy16LjFWbdp,Dirty Work,Can't Buy A Thrill,Steely Dan,187400,2,long_term,"['album rock', 'classic rock', 'country rock', 'folk rock', 'mellow gold', 'rock', 'soft rock', 'yacht rock']",0.631,0.354,1,-11.112,1,0.0313,0.795,0.000107,0.0879,0.522,73.007,audio_features,spotify:track:0s1aSsYlLIEiy16LjFWbdp,https://api.spotify.com/v1/tracks/0s1aSsYlLIEiy16LjFWbdp,https://api.spotify.com/v1/audio-analysis/0s1aSsYlLIEiy16LjFWbdp,188693,4
4HG1YiGBseVKzjyKcmAJen,Summer Games,Scorpion,Drake,247893,62,long_term,"['canadian hip hop', 'canadian pop', 'hip hop', 'pop rap', 'rap']",0.776,0.482,1,-11.269,1,0.0357,0.477,0.0456,0.11,0.134,136.008,audio_features,spotify:track:4HG1YiGBseVKzjyKcmAJen,https://api.spotify.com/v1/tracks/4HG1YiGBseVKzjyKcmAJen,https://api.spotify.com/v1/audio-analysis/4HG1YiGBseVKzjyKcmAJen,247893,4
19YKaevk2bce4odJkP5L22,Nikes,Blonde,Frank Ocean,314075,73,long_term,"['lgbtq+ hip hop', 'neo soul']",0.633,0.395,8,-9.638,1,0.0857,0.692,0.000222,0.108,0.123,138.023,audio_features,spotify:track:19YKaevk2bce4odJkP5L22,https://api.spotify.com/v1/tracks/19YKaevk2bce4odJkP5L22,https://api.spotify.com/v1/audio-analysis/19YKaevk2bce4odJkP5L22,314075,4
7zbX1txfcs42K2PlhFJNNE,Weary,A Seat at the Table,Solange,194253,51,long_term,"['afrofuturism', 'alternative r&b', 'r&b', 'urban contemporary']",0.507,0.466,1,-11.966,1,0.0862,0.655,0.363,0.0929,0.11,157.013,audio_features,spotify:track:7zbX1txfcs42K2PlhFJNNE,https://api.spotify.com/v1/tracks/7zbX1txfcs42K2PlhFJNNE,https://api.spotify.com/v1/audio-analysis/7zbX1txfcs42K2PlhFJNNE,194253,4
6gtNiLJNLBcV0P6Juenstp,Biking (Solo),Biking (Solo),Frank Ocean,212494,62,long_term,"['lgbtq+ hip hop', 'neo soul']",0.64,0.548,7,-6.965,1,0.147,0.543,3.1e-06,0.303,0.181,148.077,audio_features,spotify:track:6gtNiLJNLBcV0P6Juenstp,https://api.spotify.com/v1/tracks/6gtNiLJNLBcV0P6Juenstp,https://api.spotify.com/v1/audio-analysis/6gtNiLJNLBcV0P6Juenstp,212495,4
4pbO4YIjnPtGJce4qlHSL6,Dreams - 2018 Remaster,50 Years - Don't Stop,Fleetwood Mac,257480,51,long_term,"['album rock', 'classic rock', 'rock', 'soft rock', 'yacht rock']",0.837,0.41,0,-11.797,1,0.0332,0.144,0.0152,0.141,0.793,120.385,audio_features,spotify:track:4pbO4YIjnPtGJce4qlHSL6,https://api.spotify.com/v1/tracks/4pbO4YIjnPtGJce4qlHSL6,https://api.spotify.com/v1/audio-analysis/4pbO4YIjnPtGJce4qlHSL6,257480,4
3Uc7SXgbFRbCJGic2brAxh,Waterloo Sunset,The 'See For Miles' 10th Anniversary Catalogue,The Kinks,199173,0,long_term,"['album rock', 'art rock', 'british invasion', 'classic rock', 'folk rock', 'glam rock', 'protopunk', 'psychedelic rock', 'rock', 'singer-songwriter']",0.577,0.401,1,-15.392,0,0.0286,0.302,1.4e-06,0.0918,0.512,107.369,audio_features,spotify:track:3Uc7SXgbFRbCJGic2brAxh,https://api.spotify.com/v1/tracks/3Uc7SXgbFRbCJGic2brAxh,https://api.spotify.com/v1/audio-analysis/3Uc7SXgbFRbCJGic2brAxh,199173,4
1Og2Qi5XwYdr0YI6rn79Zb,Everybody’s Gotta Live,Reel To Real,Love,204521,25,long_term,"['acid rock', 'folk rock', 'psychedelic rock']",0.805,0.281,9,-11.877,0,0.0961,0.607,0.0,0.116,0.281,105.873,audio_features,spotify:track:1Og2Qi5XwYdr0YI6rn79Zb,https://api.spotify.com/v1/tracks/1Og2Qi5XwYdr0YI6rn79Zb,https://api.spotify.com/v1/audio-analysis/1Og2Qi5XwYdr0YI6rn79Zb,204522,4
7sBwAWyXfiIgrYQ8BaJESH,Keep The Family Close,Views,Drake,328906,62,long_term,"['canadian hip hop', 'canadian pop', 'hip hop', 'pop rap', 'rap']",0.378,0.566,9,-7.685,0,0.0482,0.149,0.0,0.382,0.196,87.691,audio_features,spotify:track:7sBwAWyXfiIgrYQ8BaJESH,https://api.spotify.com/v1/tracks/7sBwAWyXfiIgrYQ8BaJESH,https://api.spotify.com/v1/audio-analysis/7sBwAWyXfiIgrYQ8BaJESH,328907,3
7p4vHnYXkxlzvfePJVpcTr,Feels Like Summer,Summer Pack,Childish Gambino,297404,73,long_term,"['atl hip hop', 'hip hop', 'rap']",0.55,0.596,7,-8.214,1,0.134,0.162,0.00481,0.0805,0.253,165.736,audio_features,spotify:track:7p4vHnYXkxlzvfePJVpcTr,https://api.spotify.com/v1/tracks/7p4vHnYXkxlzvfePJVpcTr,https://api.spotify.com/v1/audio-analysis/7p4vHnYXkxlzvfePJVpcTr,297404,4
6K4t31amVTZDgR3sKmwUJJ,The Less I Know The Better,Currents,Tame Impala,216320,87,long_term,"['australian psych', 'modern rock', 'neo-psychedelic', 'rock']",0.64,0.74,4,-4.083,1,0.0284,0.0115,0.00678,0.167,0.785,116.879,audio_features,spotify:track:6K4t31amVTZDgR3sKmwUJJ,https://api.spotify.com/v1/tracks/6K4t31amVTZDgR3sKmwUJJ,https://api.spotify.com/v1/audio-analysis/6K4t31amVTZDgR3sKmwUJJ,216320,4
371H6HjS4SXGbQ9IVfFUIL,Lens,Lens,Frank Ocean,227654,59,long_term,"['lgbtq+ hip hop', 'neo soul']",0.681,0.333,9,-8.582,1,0.0974,0.588,0.0,0.086,0.564,118.05,audio_features,spotify:track:371H6HjS4SXGbQ9IVfFUIL,https://api.spotify.com/v1/tracks/371H6HjS4SXGbQ9IVfFUIL,https://api.spotify.com/v1/audio-analysis/371H6HjS4SXGbQ9IVfFUIL,227655,4
2TVxnKdb3tqe1nhQWwwZCO,Tiny Dancer,Madman Across The Water,Elton John,377093,80,long_term,"['glam rock', 'mellow gold', 'piano rock', 'rock']",0.414,0.428,0,-11.097,1,0.0278,0.382,0.000243,0.148,0.282,145.075,audio_features,spotify:track:2TVxnKdb3tqe1nhQWwwZCO,https://api.spotify.com/v1/tracks/2TVxnKdb3tqe1nhQWwwZCO,https://api.spotify.com/v1/audio-analysis/2TVxnKdb3tqe1nhQWwwZCO,377093,4
09vVmyRGvJ7YvXSk8fjnXm,Night Shift,Thank You For Nothing,$kinny,264308,37,long_term,"['arabic hip hop', 'gulf hip hop']",0.482,0.435,5,-7.643,0,0.182,0.0445,0.0,0.0779,0.31,68.652,audio_features,spotify:track:09vVmyRGvJ7YvXSk8fjnXm,https://api.spotify.com/v1/tracks/09vVmyRGvJ7YvXSk8fjnXm,https://api.spotify.com/v1/audio-analysis/09vVmyRGvJ7YvXSk8fjnXm,264308,3
2BY7ALEWdloFHgQZG6VMLA,Brandy (You're a Fine Girl),Looking Glass,Looking Glass,186826,79,long_term,['sunshine pop'],0.716,0.625,1,-11.369,0,0.0601,0.396,1.97e-05,0.134,0.826,125.276,audio_features,spotify:track:2BY7ALEWdloFHgQZG6VMLA,https://api.spotify.com/v1/tracks/2BY7ALEWdloFHgQZG6VMLA,https://api.spotify.com/v1/audio-analysis/2BY7ALEWdloFHgQZG6VMLA,186827,4
3GZD6HmiNUhxXYf8Gch723,Lost,channel ORANGE,Frank Ocean,234093,86,long_term,"['lgbtq+ hip hop', 'neo soul']",0.913,0.603,8,-4.892,1,0.226,0.0272,0.000503,0.167,0.497,123.061,audio_features,spotify:track:3GZD6HmiNUhxXYf8Gch723,https://api.spotify.com/v1/tracks/3GZD6HmiNUhxXYf8Gch723,https://api.spotify.com/v1/audio-analysis/3GZD6HmiNUhxXYf8Gch723,234093,4
6xTp4nC8NBRSYMxGqIikSh,Caroline,Collapsed In Sunbeams,Arlo Parks,216933,57,long_term,"['indie pop', 'indie soul', 'uk contemporary r&b']",0.596,0.576,10,-7.956,1,0.039,0.379,0.0859,0.107,0.494,160.183,audio_features,spotify:track:6xTp4nC8NBRSYMxGqIikSh,https://api.spotify.com/v1/tracks/6xTp4nC8NBRSYMxGqIikSh,https://api.spotify.com/v1/audio-analysis/6xTp4nC8NBRSYMxGqIikSh,216933,4
3WDzw6l5X1HN3HIsikhoWa,You Were There,You Were There,Marc Rebillet,210741,37,long_term,[],0.836,0.231,7,-17.125,1,0.0479,0.216,0.0105,0.0972,0.379,130.697,audio_features,spotify:track:3WDzw6l5X1HN3HIsikhoWa,https://api.spotify.com/v1/tracks/3WDzw6l5X1HN3HIsikhoWa,https://api.spotify.com/v1/audio-analysis/3WDzw6l5X1HN3HIsikhoWa,210742,4
1cErN1ZX9s0uZaaWezEGJw,Life in Technicolor,Viva La Vida or Death and All His Friends,Coldplay,149133,38,long_term,"['permanent wave', 'pop']",0.288,0.662,9,-10.482,1,0.0347,0.0102,0.944,0.498,0.254,131.056,audio_features,spotify:track:1cErN1ZX9s0uZaaWezEGJw,https://api.spotify.com/v1/tracks/1cErN1ZX9s0uZaaWezEGJw,https://api.spotify.com/v1/audio-analysis/1cErN1ZX9s0uZaaWezEGJw,149133,4
2gEmgpnxseKEVRTwkSGopN,White (feat. Frank Ocean),The OF Tape Vol. 2,Odd Future,122933,64,long_term,['underground hip hop'],0.51,0.0671,3,-12.163,0,0.0689,0.744,0.0,0.166,0.197,106.017,audio_features,spotify:track:2gEmgpnxseKEVRTwkSGopN,https://api.spotify.com/v1/tracks/2gEmgpnxseKEVRTwkSGopN,https://api.spotify.com/v1/audio-analysis/2gEmgpnxseKEVRTwkSGopN,122933,3
6Jv7kjGkhY2fT4yuBF3aTz,"Lover, You Should've Come Over",Grace,Jeff Buckley,404213,72,long_term,"['melancholia', 'permanent wave', 'singer-songwriter']",0.387,0.595,2,-5.67,1,0.0389,0.361,1.1e-05,0.174,0.151,119.38,audio_features,spotify:track:6Jv7kjGkhY2fT4yuBF3aTz,https://api.spotify.com/v1/tracks/6Jv7kjGkhY2fT4yuBF3aTz,https://api.spotify.com/v1/audio-analysis/6Jv7kjGkhY2fT4yuBF3aTz,404213,3
3C57ewlHARCVqeH3KiYkma,Sober,Sober,Mahalia,266287,58,long_term,"['alternative r&b', 'indie anthem-folk', 'uk contemporary r&b']",0.657,0.7,10,-4.911,0,0.382,0.34,0.000106,0.0992,0.61,82.113,audio_features,spotify:track:3C57ewlHARCVqeH3KiYkma,https://api.spotify.com/v1/tracks/3C57ewlHARCVqeH3KiYkma,https://api.spotify.com/v1/audio-analysis/3C57ewlHARCVqeH3KiYkma,266288,4
4Q66chx9WzqWcLItXoZ5r4,Cherry Wine - Live,Hozier,Hozier,240147,68,long_term,"['irish singer-songwriter', 'modern rock', 'pop', 'pov: indie']",0.418,0.111,1,-14.848,1,0.0389,0.953,0.00342,0.0982,0.228,82.508,audio_features,spotify:track:4Q66chx9WzqWcLItXoZ5r4,https://api.spotify.com/v1/tracks/4Q66chx9WzqWcLItXoZ5r4,https://api.spotify.com/v1/audio-analysis/4Q66chx9WzqWcLItXoZ5r4,240147,4
2T43UrvAg60ubJVo5KQ3t7,Come and Get Your Love (Rerecorded Version),The Best Of Redbone,Redbone,208306,67,long_term,"['native american', 'native american contemporary']",0.793,0.481,2,-14.246,1,0.0278,0.231,0.00122,0.06,0.97,107.744,audio_features,spotify:track:2T43UrvAg60ubJVo5KQ3t7,https://api.spotify.com/v1/tracks/2T43UrvAg60ubJVo5KQ3t7,https://api.spotify.com/v1/audio-analysis/2T43UrvAg60ubJVo5KQ3t7,208307,4
7oOEFDLSQscl0uGulnIEmG,Love & Hate,Love & Hate,Michael Kiwanuka,427093,66,long_term,"['british soul', 'neo soul', 'psychedelic soul', 'soul']",0.278,0.494,7,-7.853,0,0.029,0.157,0.000407,0.173,0.527,169.661,audio_features,spotify:track:7oOEFDLSQscl0uGulnIEmG,https://api.spotify.com/v1/tracks/7oOEFDLSQscl0uGulnIEmG,https://api.spotify.com/v1/audio-analysis/7oOEFDLSQscl0uGulnIEmG,427093,4
6Flu33CZc4xS2gkA6cRcNh,Texas Sun,Texas Sun,Khruangbin,252811,0,long_term,"['indie soul', 'neo-psychedelic']",0.635,0.631,7,-10.007,1,0.0343,0.0378,0.138,0.0997,0.619,111.563,audio_features,spotify:track:6Flu33CZc4xS2gkA6cRcNh,https://api.spotify.com/v1/tracks/6Flu33CZc4xS2gkA6cRcNh,https://api.spotify.com/v1/audio-analysis/6Flu33CZc4xS2gkA6cRcNh,252812,4
3o1GRfkMlAf8IN9WUqNeNS,Stonecutters,Honey Bones,DOPE LEMON,270053,60,long_term,[],0.427,0.728,2,-6.49,1,0.027,0.0158,0.589,0.148,0.327,149.265,audio_features,spotify:track:3o1GRfkMlAf8IN9WUqNeNS,https://api.spotify.com/v1/tracks/3o1GRfkMlAf8IN9WUqNeNS,https://api.spotify.com/v1/audio-analysis/3o1GRfkMlAf8IN9WUqNeNS,270054,4
0QVJsWtmgj9SWZaLYiX2i3,Heaven - Remastered,Tattoo You (2009 Re-Mastered),The Rolling Stones,262400,56,long_term,"['album rock', 'british invasion', 'classic rock', 'rock']",0.617,0.459,1,-9.292,0,0.0368,0.222,0.0415,0.285,0.119,114.497,audio_features,spotify:track:0QVJsWtmgj9SWZaLYiX2i3,https://api.spotify.com/v1/tracks/0QVJsWtmgj9SWZaLYiX2i3,https://api.spotify.com/v1/audio-analysis/0QVJsWtmgj9SWZaLYiX2i3,262400,4
3AJwUDP919kvQ9QcozQPxg,Yellow,Parachutes,Coldplay,266773,92,long_term,"['permanent wave', 'pop']",0.429,0.661,11,-7.227,1,0.0281,0.00239,0.000121,0.234,0.285,173.372,audio_features,spotify:track:3AJwUDP919kvQ9QcozQPxg,https://api.spotify.com/v1/tracks/3AJwUDP919kvQ9QcozQPxg,https://api.spotify.com/v1/audio-analysis/3AJwUDP919kvQ9QcozQPxg,266773,4
7w87IxuO7BDcJ3YUqCyMTT,Pumped Up Kicks,Torches,Foster The People,239600,86,long_term,"['indietronica', 'modern alternative rock', 'modern rock', 'rock']",0.733,0.71,5,-5.849,0,0.0292,0.145,0.115,0.0956,0.965,127.975,audio_features,spotify:track:7w87IxuO7BDcJ3YUqCyMTT,https://api.spotify.com/v1/tracks/7w87IxuO7BDcJ3YUqCyMTT,https://api.spotify.com/v1/audio-analysis/7w87IxuO7BDcJ3YUqCyMTT,239600,4
0qdQUeKVyevrbKhAo0ibxS,My Sweet Lord - Remastered 2014,All Things Must Pass (Remastered 2014),George Harrison,281226,20,long_term,"['album rock', 'beatlesque', 'classic rock', 'folk rock', 'mellow gold', 'rock', 'singer-songwriter', 'soft rock']",0.537,0.701,1,-8.913,0,0.0335,0.0972,0.0,0.0832,0.583,120.919,audio_features,spotify:track:0qdQUeKVyevrbKhAo0ibxS,https://api.spotify.com/v1/tracks/0qdQUeKVyevrbKhAo0ibxS,https://api.spotify.com/v1/audio-analysis/0qdQUeKVyevrbKhAo0ibxS,281227,4
56sxpXFgha5NcJexZUPGXS,Sound & Color,Sound & Color (Deluxe Edition),Alabama Shakes,182466,53,long_term,"['alabama indie', 'modern blues rock', 'rock']",0.548,0.428,2,-7.399,1,0.0608,0.847,0.608,0.0827,0.181,114.752,audio_features,spotify:track:56sxpXFgha5NcJexZUPGXS,https://api.spotify.com/v1/tracks/56sxpXFgha5NcJexZUPGXS,https://api.spotify.com/v1/audio-analysis/56sxpXFgha5NcJexZUPGXS,182467,4
4vHNeBWDQpVCmGbaccrRzi,Goodie Bag,Goodie Bag,Still Woozy,146390,78,long_term,"['bedroom pop', 'oakland indie', 'pov: indie']",0.739,0.522,7,-12.304,0,0.151,0.821,0.00124,0.233,0.619,138.263,audio_features,spotify:track:4vHNeBWDQpVCmGbaccrRzi,https://api.spotify.com/v1/tracks/4vHNeBWDQpVCmGbaccrRzi,https://api.spotify.com/v1/audio-analysis/4vHNeBWDQpVCmGbaccrRzi,146390,4
2fghiDodS0NYp3ZrJvexuf,Another Day,Man On The Moon III: The Chosen,Kid Cudi,199786,37,long_term,"['hip hop', 'ohio hip hop', 'pop rap', 'rap']",0.647,0.753,4,-7.71,0,0.0667,0.539,0.00727,0.353,0.0553,172.983,audio_features,spotify:track:2fghiDodS0NYp3ZrJvexuf,https://api.spotify.com/v1/tracks/2fghiDodS0NYp3ZrJvexuf,https://api.spotify.com/v1/audio-analysis/2fghiDodS0NYp3ZrJvexuf,199787,4
